<?xml version="1.0" encoding="UTF-8"?>
<!DOCTYPE ivattacks SYSTEM "../ivacm.dtd" [
	<!ENTITY % extern-packages SYSTEM "../ivpackages.dtd">
	<!ENTITY % extern-common SYSTEM "../common-declarations.dtd">
	%extern-packages;%extern-common;
]>
<!-- Custom Defined Signatures: file automatically generated -->
<ivattacks specversion="1.3">
<attack  id="0xffffffff"  name="UDS-HTTP:JavaScript obfuscated with JSFUCK detected"  launchpoint="remote"  mechanism="signature"  direction="client2server"  blocking-type="attack-packet"  version="1.3"  use-tpu="no"  tpu-protocol="tcp"  sigdesc="yes"  >
<impact category="Exploit"  severity="4"  subcategory="unassigned"  >
<protocol-ref id="http"/>
<procategory  id="clientwebbrowser" />
</impact>
<description>
JavaScript obfuscated with JSFUCK detected
</description>
<signature  id="1"  name="JSFUCK"  required-ssw-min-version="1.0"  confidence="5"  detect-window="flow"  arch="any"  device-family="mfa_intrushield_m-series_ns-series_vm-series"  >
<and>
<string-match field="http-rsp-message-body" astring="\[\]\[\(!\[\]+\[\]\)\[+\[\]\]+\(\[!\[\]\]+\[\]\[\[\]\]\)\[+!+\[\]" fold-case="yes" negation="no" matchindex-hint="0.0" state-order="0" ></string-match><string-match field="http-rsp-message-body" astring="\[\]+!+\[\]\]+\(!!\[\]+\[\]\)\[+!+\[\]\]\]+\[\]\)\[!+\[\]+!+\[\]+!+\[\]\]+\(!!\[\]+\[\]\[\(!\[\]+\[\]\)\[+\[\]\]+" fold-case="yes" negation="no" matchindex-hint="0.0" state-order="0" ></string-match><string-match field="http-rsp-message-body" astring="+\[\]\]+\(!!\[\]+\[\]\)\[+\[\]\]+\(!!\[\]+\[\]\)\[!+\[\]+!+\[\]+!+\[\]\]+\(!!\[\]+\[\]\)\[+!+\[\]\]\]\)\[+!+\[\]+" fold-case="yes" negation="no" matchindex-hint="0.0" state-order="0" ></string-match><string-match field="http-rsp-message-body" astring="\[\]\)\[+!+\[\]\]\]\)\[+!+\[\]+\[+\[\]\]\]+\(!!\[\]+\[\]\)\[+!+\[\]\]\]" fold-case="yes" negation="no" matchindex-hint="0.0" state-order="0" ></string-match></and>
</signature>
<response>
 <send-alert/>
 <send-256b/>
</response>
</attack>
</ivattacks>
