<?xml version="1.0" encoding="UTF-8"?>
<!DOCTYPE ivattacks SYSTEM "../ivacm.dtd" [
	<!ENTITY % extern-packages SYSTEM "../ivpackages.dtd">
	<!ENTITY % extern-common SYSTEM "../common-declarations.dtd">
	%extern-packages;%extern-common;
]>
<!-- Custom Defined Signatures: file automatically generated -->
<ivattacks specversion="1.3">
<attack  id="0xffffffff"  name="UDS-Malicious RTF Files include OLE2Link"  launchpoint="remote"  mechanism="signature"  direction="server2client"  blocking-type="flow"  version="1.3"  use-tpu="no"  tpu-protocol="tcp"  sigdesc="yes"  >
<impact category="Exploit"  severity="6"  subcategory="unassigned"  >
<protocol-ref id="http"/>
<procategory  id="clientoffice" />
</impact>
<description>
Malicious RTF Files detected which contains ActiveX and OLE2Link similer to Exploit-CVE-2017-0199. So you can detect CVE-2017-0199 and similer malicious RTF Files.
</description>
<signature  id="1"  name="OLE2Link"  required-ssw-min-version="1.0"  confidence="4"  detect-window="response"  arch="any"  device-family="mfa_intrushield_m-series_ns-series_vm-series"  >
<and>
<string-match field="http-rsp-RTF-message-body" astring="\\objdata" fold-case="yes" negation="no" matchindex-hint="0.0" state-order="0" ></string-match><string-match field="http-rsp-RTF-message-body" astring="d0cf11e" fold-case="yes" negation="no" matchindex-hint="0.0" state-order="0" ></string-match><string-match field="http-rsp-RTF-message-body" astring="52006f006f007400200045006e00740072" fold-case="yes" negation="no" matchindex-hint="0.0" state-order="0" ></string-match><string-match field="http-rsp-RTF-message-body" astring="c000000000000046" fold-case="yes" negation="no" matchindex-hint="0.0" state-order="0" ></string-match></and>
</signature>
<signature  id="2"  name="OLE2Link include rtf header"  required-ssw-min-version="1.0"  confidence="5"  detect-window="response"  arch="any"  device-family="mfa_intrushield_m-series_ns-series_vm-series"  >
<and>
<string-match field="http-rsp-RTF-message-body" astring="4f4c45324c696e6b" fold-case="yes" negation="no" matchindex-hint="0.0" state-order="0" ></string-match><string-match field="http-rsp-RTF-message-body" astring="d0cf11e" fold-case="yes" negation="no" matchindex-hint="0.0" state-order="0" ></string-match><string-match field="http-rsp-RTF-message-body" astring="52006f006f007400200045006e00740072" fold-case="yes" negation="no" matchindex-hint="0.0" state-order="0" ></string-match><string-match field="http-rsp-RTF-message-body" astring="c000000000000046" fold-case="yes" negation="no" matchindex-hint="0.0" state-order="0" ></string-match><string-match field="http-rsp-RTF-message-body" astring="\\objdata" fold-case="yes" negation="no" matchindex-hint="0.0" state-order="0" ></string-match><string-match field="http-rsp-RTF-message-body" astring="\\rt" fold-case="yes" negation="no" matchindex-hint="0.0" state-order="0" ></string-match></and>
</signature>
<response>
 <send-alert/>
 <send-256b/>
</response>
</attack>
</ivattacks>
