<?xml version="1.0" encoding="UTF-8"?>
<!DOCTYPE ivattacks SYSTEM "../ivacm.dtd" [
	<!ENTITY % extern-packages SYSTEM "../ivpackages.dtd">
	<!ENTITY % extern-common SYSTEM "../common-declarations.dtd">
	%extern-packages;%extern-common;
]>
<!-- Custom Defined Signatures: file automatically generated -->
<ivattacks specversion="1.3">
<attack  id="0xffffffff"  name="UDS-HTTP: Javascript Obfuscator detected"  launchpoint="remote"  mechanism="signature"  direction="client2server"  blocking-type="flow"  version="1.3"  use-tpu="no"  tpu-protocol="tcp"  sigdesc="yes"  >
<impact category="Exploit"  severity="5"  subcategory="unassigned"  >
<protocol-ref id="http"/>
<procategory  id="clientwebbrowser" />
</impact>
<description>
HTTP: Javascript Obfuscator detected
</description>
<signature  id="1"  name="Javascript Obfuscator"  required-ssw-min-version="1.0"  confidence="5"  detect-window="response"  arch="any"  device-family="mfa_intrushield_m-series_ns-series_vm-series"  >
<and>
<string-match field="http-rsp-message-body" astring="var\s_0x(.){4}=\[\x22" fold-case="yes" negation="no" matchindex-hint="0.0" state-order="0" ></string-match></and>
<andthen/>
<and>
<string-match field="http-rsp-message-body" astring="_0x(.){4}\[" fold-case="yes" negation="no" matchindex-hint="0.0" state-order="0" ></string-match></and>
</signature>
<response>
 <send-alert/>
 <send-256b/>
</response>
</attack>
</ivattacks>
